[
    {
        "name": "rs",
        "score": 4
    },
    {  "name": "xxx",
        "score": 0
    },
    
    
    
    
    
   
    {
        "name": "22",
        "score": 4
    },
    {
        "name": "ef",
        "score": 4
    },
    {
        "name": "fdf",
        "score": 4
    },
    {
        "name": "dg",
        "score": 4
    },
    {
        "name": "d",
        "score": 4
    },
    {
        "name": "bbb",
        "score": 8
    },
    {
        "name": "d",
        "score": 7
    },
    {
        "name": "ggrwg",
        "score": 7
    },
    {
        "name": "7",
        "score": 7
    },
    {
        "name": "afwaf",
        "score": 8
    },
    {
        "name": "dddddd",
        "score": 8
    },
    {
        "name": "bb",
        "score": 6
    },
    {
        "name": "r",
        "score": 8
    },
    {
        "name": "fw",
        "score": 8
    },
    {
        "name": "fw",
        "score": 8
    },
    {
        "name": "fdf",
        "score": 8
    },
    {
        "name": "fd",
        "score": 8
    },
    {
        "name": "g",
        "score": 35
    }
]